Workbook

Sheet Guide
A1: CUSTOMER DISCOVERY TRACKER
A3: WNCP AI · Start here. Enter your hypotheses once — they auto-populate all other tabs.
A5: HOW TO USE THIS TRACKER
A6: 01 | B6: Enter hypotheses below. Write short, testable 'We believe...' statements. Labels and text auto-populate the Hypothesis Matrix and Pattern Summary.
A7: 02 | B7: Run the customer-discovery-coach skill in Claude to generate interview questions. Paste them into the Question Log tab, grouped by interview stage.
A8: 03 | B8: Fill in the Interviewee Overview before each interview — name, role, company size, and segment type. This context matters for spotting patterns.
A9: 04 | B9: After each interview, update the Hypothesis Matrix — mark each hypothesis Validated, Invalidated, or Inconclusive per interviewee.
A10: 05 | B10: After every 5 interviews, review the Pattern Summary. Look for where different customer segments diverge — that's where insight lives.
A12: HYPOTHESIS INPUT — ENTER ONCE, POPULATES EVERYWHERE
A13: Label | B13: Hypothesis Statement (We believe...) | C13: Category
A14: H1 | C14: Problem
A15: H2 | C15: Problem
A16: H3 | C16: Problem
A17: H4 | C17: Customer
A18: H5 | C18: Customer
A19: H6 | C19: Customer
A20: H7 | C20: Market
A21: H8 | C21: Market
A22: H9 | C22: Market
A23: H10 | C23: Solution
A24: H11 | C24: Solution
A25: H12 | C25: Solution
... A28: H15 | C28: Solution
A29: Aim for 8–12 hypotheses across all four categories before starting interviews.

Sheet Interviewee Overview
A1: INTERVIEWEE OVERVIEW
A3: One row per interviewee. Complete before the interview. Segment tagging reveals patterns across customer types.
A5: # | B5: Name | C5: Role / Title | D5: Company / Org | E5: Company Size | F5: Segment / Type | G5: Industry | H5: Date | I5: Recruited Via | J5: Follow-up? | K5: Surprises / Notes
A6: I1
A7: I2
A8: I3
A9: I4
A10: I5
A11: I6
A12: I7
A13: I8
A14: I9
A15: I10

Sheet Question Log
A1: INTERVIEW QUESTION LOG
A3: Questions follow natural interview flow — not hypothesis category. Ask every question to every interviewee. Log key quotes per cell.
A5: Interview Stage | B5: Question (paste from skill output) | C5: Hyp # | D5: =IF('Interviewee Overview'!B6<>"","I1 — "&'Interviewee Overview'!B6,"Interviewee 1") -> Interviewee 1 | E5: =IF('Interviewee Overview'!B7<>"","I2 — "&'Interviewee Overview'!B7,"Interviewee 2") -> Interviewee 2 | F5: =IF('Interviewee Overview'!B8<>"","I3 — "&'Interviewee Overview'!B8,"Interviewee 3") -> Interviewee 3 | G5: =IF('Interviewee Overview'!B9<>"","I4 — "&'Interviewee Overview'!B9,"Interviewee 4") -> Interviewee 4 | H5: =IF('Interviewee Overview'!B10<>"","I5 — "&'Interviewee Overview'!B10,"Interviewee 5") -> Interviewee 5 | I5: =IF('Interviewee Overview'!B11<>"","I6 — "&'Interviewee Overview'!B11,"Interviewee 6") -> Interviewee 6 | J5: =IF('Interviewee Overview'!B12<>"","I7 — "&'Interviewee Overview'!B12,"Interviewee 7") -> Interviewee 7 | K5: =IF('Interviewee Overview'!B13<>"","I8 — "&'Interviewee Overview'!B13,"Interviewee 8") -> Interviewee 8 | L5: =IF('Interviewee Overview'!B14<>"","I9 — "&'Interviewee Overview'!B14,"Interviewee 9") -> Interviewee 9 | M5: =IF('Interviewee Overview'!B15<>"","I10 — "&'Interviewee Overview'!B15,"Interviewee 10") -> Interviewee 10
A6: OPENING
A7: Build rapport — understand their world, no agenda yet.
A8: Opening
A11: PROBLEM EXPLORATION
A12: What breaks down, how often, what do they do today. Problem + Customer hypotheses.
A13: Problem Exploration
A18: CURRENT BEHAVIOR & WORKAROUNDS
A19: Dig into actual behavior. More Customer + Problem hypotheses.
A20: Current Behavior & Workarounds
A24: CONSEQUENCES & COST
A25: What happens when it goes wrong. Deepens Problem hypothesis testing.
A26: Consequences & Cost
... A37: Closing

Sheet Hypothesis Matrix
A1: HYPOTHESIS MATRIX
A3: Mark each hypothesis per interviewee. Summary columns auto-calculate. Hypothesis text pulls from Guide tab.
A5: Label | B5: Hypothesis | C5: I1 | D5: I2 | E5: I3 | F5: I4 | G5: I5 | H5: I6 | I5: I7 | J5: I8 | K5: I9 | L5: I10 | M5: ✓ Validated | N5: ✗ Invalidated | O5: ? Inconclusive
A6: =Guide!A14 -> H1 | B6: =Guide!B14 | C6: — | D6: — | E6: — | F6: — | G6: — | H6: — | I6: — | J6: — | K6: — | L6: — | M6: =COUNTIF(C6:L6,"Validated") -> 0 | N6: =COUNTIF(C6:L6,"Invalidated") -> 0 | O6: =COUNTIF(C6:L6,"Inconclusive") -> 0
A7: =Guide!A15 -> H2 | B7: =Guide!B15 | C7: — | D7: — | E7: — | F7: — | G7: — | H7: — | I7: — | J7: — | K7: — | L7: — | M7: =COUNTIF(C7:L7,"Validated") -> 0 | N7: =COUNTIF(C7:L7,"Invalidated") -> 0 | O7: =COUNTIF(C7:L7,"Inconclusive") -> 0
A8: =Guide!A16 -> H3 | B8: =Guide!B16 | C8: — | D8: — | E8: — | F8: — | G8: — | H8: — | I8: — | J8: — | K8: — | L8: — | M8: =COUNTIF(C8:L8,"Validated") -> 0 | N8: =COUNTIF(C8:L8,"Invalidated") -> 0 | O8: =COUNTIF(C8:L8,"Inconclusive") -> 0
A9: =Guide!A17 -> H4 | B9: =Guide!B17 | C9: — | D9: — | E9: — | F9: — | G9: — | H9: — | I9: — | J9: — | K9: — | L9: — | M9: =COUNTIF(C9:L9,"Validated") -> 0 | N9: =COUNTIF(C9:L9,"Invalidated") -> 0 | O9: =COUNTIF(C9:L9,"Inconclusive") -> 0
A10: =Guide!A18 -> H5 | B10: =Guide!B18 | C10: — | D10: — | E10: — | F10: — | G10: — | H10: — | I10: — | J10: — | K10: — | L10: — | M10: =COUNTIF(C10:L10,"Validated") -> 0 | N10: =COUNTIF(C10:L10,"Invalidated") -> 0 | O10: =COUNTIF(C10:L10,"Inconclusive") -> 0
A11: =Guide!A19 -> H6 | B11: =Guide!B19 | C11: — | D11: — | E11: — | F11: — | G11: — | H11: — | I11: — | J11: — | K11: — | L11: — | M11: =COUNTIF(C11:L11,"Validated") -> 0 | N11: =COUNTIF(C11:L11,"Invalidated") -> 0 | O11: =COUNTIF(C11:L11,"Inconclusive") -> 0
A12: =Guide!A20 -> H7 | B12: =Guide!B20 | C12: — | D12: — | E12: — | F12: — | G12: — | H12: — | I12: — | J12: — | K12: — | L12: — | M12: =COUNTIF(C12:L12,"Validated") -> 0 | N12: =COUNTIF(C12:L12,"Invalidated") -> 0 | O12: =COUNTIF(C12:L12,"Inconclusive") -> 0
A13: =Guide!A21 -> H8 | B13: =Guide!B21 | C13: — | D13: — | E13: — | F13: — | G13: — | H13: — | I13: — | J13: — | K13: — | L13: — | M13: =COUNTIF(C13:L13,"Validated") -> 0 | N13: =COUNTIF(C13:L13,"Invalidated") -> 0 | O13: =COUNTIF(C13:L13,"Inconclusive") -> 0
A14: =Guide!A22 -> H9 | B14: =Guide!B22 | C14: — | D14: — | E14: — | F14: — | G14: — | H14: — | I14: — | J14: — | K14: — | L14: — | M14: =COUNTIF(C14:L14,"Validated") -> 0 | N14: =COUNTIF(C14:L14,"Invalidated") -> 0 | O14: =COUNTIF(C14:L14,"Inconclusive") -> 0
A15: =Guide!A23 -> H10 | B15: =Guide!B23 | C15: — | D15: — | E15: — | F15: — | G15: — | H15: — | I15: — | J15: — | K15: — | L15: — | M15: =COUNTIF(C15:L15,"Validated") -> 0 | N15: =COUNTIF(C15:L15,"Invalidated") -> 0 | O15: =COUNTIF(C15:L15,"Inconclusive") -> 0
A16: =Guide!A24 -> H11 | B16: =Guide!B24 | C16: — | D16: — | E16: — | F16: — | G16: — | H16: — | I16: — | J16: — | K16: — | L16: — | M16: =COUNTIF(C16:L16,"Validated") -> 0 | N16: =COUNTIF(C16:L16,"Invalidated") -> 0 | O16: =COUNTIF(C16:L16,"Inconclusive") -> 0
A17: =Guide!A25 -> H12 | B17: =Guide!B25 | C17: — | D17: — | E17: — | F17: — | G17: — | H17: — | I17: — | J17: — | K17: — | L17: — | M17: =COUNTIF(C17:L17,"Validated") -> 0 | N17: =COUNTIF(C17:L17,"Invalidated") -> 0 | O17: =COUNTIF(C17:L17,"Inconclusive") -> 0
... A20: =Guide!A28 -> H15 | B20: =Guide!B28 | C20: — | D20: — | E20: — | F20: — | G20: — | H20: — | I20: — | J20: — | K20: — | L20: — | M20: =COUNTIF(C20:L20,"Validated") -> 0 | N20: =COUNTIF(C20:L20,"Invalidated") -> 0 | O20: =COUNTIF(C20:L20,"Inconclusive") -> 0

Sheet Pattern Summary
A1: PATTERN SUMMARY
A3: Review after every 5 interviews. Counts auto-populate from Hypothesis Matrix. Add pattern notes and segment observations manually.
A5: HYPOTHESIS OUTCOMES — AUTO-POPULATED FROM HYPOTHESIS MATRIX
A6: Label | B6: Hypothesis | C6: ✓ Validated | D6: ✗ Invalidated | E6: ? Inconclusive | F6: Pattern Notes
A7: =Guide!A14 -> H1 | B7: =Guide!B14 | C7: ='Hypothesis Matrix'!M6 -> 0 | D7: ='Hypothesis Matrix'!N6 -> 0 | E7: ='Hypothesis Matrix'!O6 -> 0
A8: =Guide!A15 -> H2 | B8: =Guide!B15 | C8: ='Hypothesis Matrix'!M7 -> 0 | D8: ='Hypothesis Matrix'!N7 -> 0 | E8: ='Hypothesis Matrix'!O7 -> 0
A9: =Guide!A16 -> H3 | B9: =Guide!B16 | C9: ='Hypothesis Matrix'!M8 -> 0 | D9: ='Hypothesis Matrix'!N8 -> 0 | E9: ='Hypothesis Matrix'!O8 -> 0
A10: =Guide!A17 -> H4 | B10: =Guide!B17 | C10: ='Hypothesis Matrix'!M9 -> 0 | D10: ='Hypothesis Matrix'!N9 -> 0 | E10: ='Hypothesis Matrix'!O9 -> 0
A11: =Guide!A18 -> H5 | B11: =Guide!B18 | C11: ='Hypothesis Matrix'!M10 -> 0 | D11: ='Hypothesis Matrix'!N10 -> 0 | E11: ='Hypothesis Matrix'!O10 -> 0
A12: =Guide!A19 -> H6 | B12: =Guide!B19 | C12: ='Hypothesis Matrix'!M11 -> 0 | D12: ='Hypothesis Matrix'!N11 -> 0 | E12: ='Hypothesis Matrix'!O11 -> 0
A13: =Guide!A20 -> H7 | B13: =Guide!B20 | C13: ='Hypothesis Matrix'!M12 -> 0 | D13: ='Hypothesis Matrix'!N12 -> 0 | E13: ='Hypothesis Matrix'!O12 -> 0
A14: =Guide!A21 -> H8 | B14: =Guide!B21 | C14: ='Hypothesis Matrix'!M13 -> 0 | D14: ='Hypothesis Matrix'!N13 -> 0 | E14: ='Hypothesis Matrix'!O13 -> 0
A15: =Guide!A22 -> H9 | B15: =Guide!B22 | C15: ='Hypothesis Matrix'!M14 -> 0 | D15: ='Hypothesis Matrix'!N14 -> 0 | E15: ='Hypothesis Matrix'!O14 -> 0
A16: =Guide!A23 -> H10 | B16: =Guide!B23 | C16: ='Hypothesis Matrix'!M15 -> 0 | D16: ='Hypothesis Matrix'!N15 -> 0 | E16: ='Hypothesis Matrix'!O15 -> 0
A17: =Guide!A24 -> H11 | B17: =Guide!B24 | C17: ='Hypothesis Matrix'!M16 -> 0 | D17: ='Hypothesis Matrix'!N16 -> 0 | E17: ='Hypothesis Matrix'!O16 -> 0
A18: =Guide!A25 -> H12 | B18: =Guide!B25 | C18: ='Hypothesis Matrix'!M17 -> 0 | D18: ='Hypothesis Matrix'!N17 -> 0 | E18: ='Hypothesis Matrix'!O17 -> 0
... A21: =Guide!A28 -> H15 | B21: =Guide!B28 | C21: ='Hypothesis Matrix'!M20 -> 0 | D21: ='Hypothesis Matrix'!N20 -> 0 | E21: ='Hypothesis Matrix'!O20 -> 0
A23: SEGMENT DIVERGENCE — WHERE DO DIFFERENT CUSTOMER TYPES SEE THE PROBLEM DIFFERENTLY?
A24: Segment A | B24: Segment B | C24: Hypothesis | D24: Key Difference | E24: Implication | F24: Action
A32: KEY INSIGHT — WHAT DO YOU NOW BELIEVE THAT YOU DIDN'T BEFORE STARTING INTERVIEWS?
A33: Write your synthesis here after 5+ interviews...
